,0,1,2,3,qc_mean,qc_max
Movement detection max,5399.695623193635,5312.896438513417,,,5356.296030853526,5399.695623193635
SNR Top 5%,0.25228693670209573,0.2520903962272581,,,0.2521886664646769,0.25228693670209573
Signal regional prominence,0.44949759632573705,0.8016780082812808,0.7425031551106991,,0.6645595865725723,0.8016780082812808
Harmonic Intensity,84359.67632502496,17443.07628982857,,,50901.37630742676,84359.67632502496
Signal Intensity Top 5%,21547416.355194867,21331003.785997987,14660429.984438434,12902973.028302118,17610455.78848335,21547416.355194867
Heart size,14718.499785870314,10866.500152260065,10931.50030632317,,12172.166748151183,14718.499785870314
HROI Change Intensity,110.21917488576165,,,,110.21917488576165,110.21917488576165
Signal intensity,651284.6748857498,651014.461730957,,,651149.5683083534,651284.6748857498
