,0,1,2,3,4,5,6,7,qc_mean,qc_max
HROI Change Intensity,187.27849996599514,232.26213345246612,230.8426197601663,258.8045000358387,257.144004738218,397.4199954191742,409.99848161864907,409.5679870314309,297.91477775274234,409.99848161864907
Signal intensity,897.4999982829322,3.500000033911107,9.499999923294808,,,,,,303.4999994133794,897.4999982829322
Harmonic Intensity,1.2455000210570002,6843.715156430743,19062.775697578545,512005.65135277825,10988.436530754723,62644.33343821098,,,101924.35961262904,512005.65135277825
SNR Top 5%,0.29043142825634255,0.6288840017967563,0.5941557975768466,0.5405000087581854,0.5435000023816734,0.5269999971075292,0.8531273898367091,,0.5682283751020061,0.8531273898367091
SNR,0.3838359361446304,0.36999999827940366,0.38198860211899566,0.38183432811236,0.3344999962879963,0.4548537114034481,,,0.38450209539113905,0.4548537114034481
Intensity/Harmonic Intensity (top 5 %),2.799172114142124,1.776066500300645,20.663066016834623,6.0739999637508415,11.24210122172144,22.600220279717362,21.68822034584883,4.249166583803654,11.38650162826494,22.600220279717362
Signal regional prominence,0.7055000040245831,0.704000014549041,0.8306110980690208,0.9777728808224714,0.936185710289287,0.9366969435485731,,,0.8484611085504961,0.9777728808224714
Signal Intensity Top 5%,425449.4970028559,53.50000045568697,128875.49999976903,,,,,,184792.8323343602,425449.4970028559
